No,Economy,Code,RI,RIG
31,Botswana,BWA,Rest of World,5.0
68,Gabon,GAB,Rest of World,5.0
76,Equatorial Guinea,GNQ,Rest of World,5.0
137,Mauritius,MUS,Rest of World,5.0
140,Namibia,NAM,Rest of World,5.0
216,South Africa,ZAF,Rest of World,5.0
3,Angola,AGO,Rest of World,5.0
16,Benin,BEN,Rest of World,5.0
38,Côte d'Ivoire,CIV,Rest of World,5.0
39,Cameroon,CMR,Rest of World,5.0
41,"Congo, Rep.",COG,Rest of World,5.0
43,Comoros,COM,Rest of World,5.0
44,Cabo Verde,CPV,Rest of World,5.0
71,Ghana,GHA,Rest of World,5.0
101,Kenya,KEN,Rest of World,5.0
115,Lesotho,LSO,Rest of World,5.0
136,Mauritania,MRT,Rest of World,5.0
143,Nigeria,NGA,Rest of World,5.0
170,Senegal,SEN,Rest of World,5.0
179,São Tomé and Principe,STP,Rest of World,5.0
184,Eswatini,SWZ,Rest of World,5.0
201,Tanzania,TZA,Rest of World,5.0
217,Zambia,ZMB,Rest of World,5.0
218,Zimbabwe,ZWE,Rest of World,5.0
14,Burundi,BDI,Rest of World,5.0
17,Burkina Faso,BFA,Rest of World,5.0
32,Central African Republic,CAF,Rest of World,5.0
40,"Congo, Dem. Rep.",COD,Rest of World,5.0
59,Eritrea,ERI,Rest of World,5.0
62,Ethiopia,ETH,Rest of World,5.0
73,Guinea,GIN,Rest of World,5.0
74,"Gambia, The",GMB,Rest of World,5.0
75,Guinea-Bissau,GNB,Rest of World,5.0
110,Liberia,LBR,Rest of World,5.0
124,Madagascar,MDG,Rest of World,5.0
129,Mali,MLI,Rest of World,5.0
135,Mozambique,MOZ,Rest of World,5.0
138,Malawi,MWI,Rest of World,5.0
142,Niger,NER,Rest of World,5.0
167,Rwanda,RWA,Rest of World,5.0
169,Sudan,SDN,Rest of World,5.0
173,Sierra Leone,SLE,Rest of World,5.0
176,Somalia,SOM,Rest of World,5.0
178,South Sudan,SSD,Rest of World,5.0
189,Chad,TCD,Rest of World,5.0
190,Togo,TGO,Rest of World,5.0
202,Uganda,UGA,Rest of World,5.0
186,Seychelles,SYC,Rest of World,5.0
125,Maldives,MDV,Rest of World,5.0
18,Bangladesh,BGD,Rest of World,5.0
30,Bhutan,BTN,Rest of World,5.0
90,India,IND,Rest of World,5.0
114,Sri Lanka,LKA,Rest of World,5.0
147,Nepal,NPL,Rest of World,5.0
151,Pakistan,PAK,Rest of World,5.0
2,Afghanistan,AFG,Rest of World,5.0
25,Bermuda,BMU,Rest of World,5.0
33,Canada,CAN,Rest of World,5.0
205,United States,USA,Rest of World,5.0
93,Iraq,IRQ,MENA (Gulf + N.Africa),4.0
98,Jordan,JOR,MENA (Gulf + N.Africa),4.0
109,Lebanon,LBN,MENA (Gulf + N.Africa),4.0
111,Libya,LBY,MENA (Gulf + N.Africa),4.0
52,Djibouti,DJI,MENA (Gulf + N.Africa),4.0
56,Algeria,DZA,MENA (Gulf + N.Africa),4.0
58,"Egypt, Arab Rep.",EGY,MENA (Gulf + N.Africa),4.0
92,"Iran, Islamic Rep.",IRN,MENA (Gulf + N.Africa),4.0
121,Morocco,MAR,MENA (Gulf + N.Africa),4.0
162,West Bank and Gaza,PSE,MENA (Gulf + N.Africa),4.0
197,Tunisia,TUN,MENA (Gulf + N.Africa),4.0
187,Syrian Arab Republic,SYR,MENA (Gulf + N.Africa),4.0
215,"Yemen, Rep.",YEM,MENA (Gulf + N.Africa),4.0
6,United Arab Emirates,ARE,MENA (Gulf + N.Africa),4.0
20,Bahrain,BHR,MENA (Gulf + N.Africa),4.0
95,Israel,ISR,MENA (Gulf + N.Africa),4.0
107,Kuwait,KWT,MENA (Gulf + N.Africa),4.0
130,Malta,MLT,MENA (Gulf + N.Africa),4.0
150,Oman,OMN,MENA (Gulf + N.Africa),4.0
164,Qatar,QAT,MENA (Gulf + N.Africa),4.0
168,Saudi Arabia,SAU,MENA (Gulf + N.Africa),4.0
7,Argentina,ARG,Rest of World,5.0
27,Brazil,BRA,Rest of World,5.0
42,Colombia,COL,Rest of World,5.0
45,Costa Rica,CRI,Rest of World,5.0
46,Cuba,CUB,Rest of World,5.0
53,Dominica,DMA,Rest of World,5.0
55,Dominican Republic,DOM,Rest of World,5.0
57,Ecuador,ECU,Rest of World,5.0
78,Grenada,GRD,Rest of World,5.0
80,Guatemala,GTM,Rest of World,5.0
82,Guyana,GUY,Rest of World,5.0
97,Jamaica,JAM,Rest of World,5.0
112,St. Lucia,LCA,Rest of World,5.0
126,Mexico,MEX,Rest of World,5.0
152,Panama,PAN,Rest of World,5.0
153,Peru,PER,Rest of World,5.0
161,Paraguay,PRY,Rest of World,5.0
180,Suriname,SUR,Rest of World,5.0
207,St. Vincent and the Grenadines,VCT,Rest of World,5.0
24,Belize,BLZ,Rest of World,5.0
26,Bolivia,BOL,Rest of World,5.0
84,Honduras,HND,Rest of World,5.0
86,Haiti,HTI,Rest of World,5.0
144,Nicaragua,NIC,Rest of World,5.0
174,El Salvador,SLV,Rest of World,5.0
1,Aruba,ABW,Rest of World,5.0
10,Antigua and Barbuda,ATG,Rest of World,5.0
21,"Bahamas, The",BHS,Rest of World,5.0
28,Barbados,BRB,Rest of World,5.0
36,Chile,CHL,Rest of World,5.0
47,Curaçao,CUW,Rest of World,5.0
48,Cayman Islands,CYM,Rest of World,5.0
105,St. Kitts and Nevis,KNA,Rest of World,5.0
120,St. Martin (French part),MAF,Rest of World,5.0
158,Puerto Rico,PRI,Rest of World,5.0
185,Sint Maarten (Dutch part),SXM,Rest of World,5.0
188,Turks and Caicos Islands,TCA,Rest of World,5.0
196,Trinidad and Tobago,TTO,Rest of World,5.0
204,Uruguay,URY,Rest of World,5.0
209,British Virgin Islands,VGB,Rest of World,5.0
210,Virgin Islands (U.S.),VIR,Rest of World,5.0
208,"Venezuela, RB",VEN,,
4,Albania,ALB,Russia + Turkey + Eurasia,2.0
8,Armenia,ARM,Russia + Turkey + Eurasia,2.0
13,Azerbaijan,AZE,Russia + Turkey + Eurasia,2.0
19,Bulgaria,BGR,Russia + Turkey + Eurasia,2.0
22,Bosnia and Herzegovina,BIH,Russia + Turkey + Eurasia,2.0
23,Belarus,BLR,Russia + Turkey + Eurasia,2.0
70,Georgia,GEO,Russia + Turkey + Eurasia,2.0
100,Kazakhstan,KAZ,Russia + Turkey + Eurasia,2.0
123,Moldova,MDA,Russia + Turkey + Eurasia,2.0
128,North Macedonia,MKD,Russia + Turkey + Eurasia,2.0
132,Montenegro,MNE,Russia + Turkey + Eurasia,2.0
165,Romania,ROU,Russia + Turkey + Eurasia,2.0
166,Russian Federation,RUS,Russia + Turkey + Eurasia,2.0
177,Serbia,SRB,Russia + Turkey + Eurasia,2.0
193,Turkmenistan,TKM,Russia + Turkey + Eurasia,2.0
198,Turkey,TUR,Russia + Turkey + Eurasia,2.0
214,Kosovo,XKX,Russia + Turkey + Eurasia,2.0
102,Kyrgyz Republic,KGZ,Russia + Turkey + Eurasia,2.0
192,Tajikistan,TJK,Russia + Turkey + Eurasia,2.0
203,Ukraine,UKR,Russia + Turkey + Eurasia,2.0
206,Uzbekistan,UZB,Russia + Turkey + Eurasia,2.0
5,Andorra,AND,EU & Western Europe,1.0
12,Austria,AUT,EU & Western Europe,1.0
15,Belgium,BEL,EU & Western Europe,1.0
34,Switzerland,CHE,EU & Western Europe,1.0
35,Channel Islands,CHI,EU & Western Europe,1.0
49,Cyprus,CYP,EU & Western Europe,1.0
50,Czech Republic,CZE,EU & Western Europe,1.0
51,Germany,DEU,EU & Western Europe,1.0
54,Denmark,DNK,EU & Western Europe,1.0
60,Spain,ESP,EU & Western Europe,1.0
61,Estonia,EST,EU & Western Europe,1.0
63,Finland,FIN,EU & Western Europe,1.0
65,France,FRA,EU & Western Europe,1.0
66,Faroe Islands,FRO,EU & Western Europe,1.0
69,United Kingdom,GBR,EU & Western Europe,1.0
72,Gibraltar,GIB,EU & Western Europe,1.0
77,Greece,GRC,EU & Western Europe,1.0
79,Greenland,GRL,EU & Western Europe,1.0
85,Croatia,HRV,EU & Western Europe,1.0
87,Hungary,HUN,EU & Western Europe,1.0
89,Isle of Man,IMN,EU & Western Europe,1.0
91,Ireland,IRL,EU & Western Europe,1.0
94,Iceland,ISL,EU & Western Europe,1.0
96,Italy,ITA,EU & Western Europe,1.0
113,Liechtenstein,LIE,EU & Western Europe,1.0
116,Lithuania,LTU,EU & Western Europe,1.0
117,Luxembourg,LUX,EU & Western Europe,1.0
118,Latvia,LVA,EU & Western Europe,1.0
122,Monaco,MCO,EU & Western Europe,1.0
145,Netherlands,NLD,EU & Western Europe,1.0
146,Norway,NOR,EU & Western Europe,1.0
157,Poland,POL,EU & Western Europe,1.0
160,Portugal,PRT,EU & Western Europe,1.0
175,San Marino,SMR,EU & Western Europe,1.0
181,Slovak Republic,SVK,EU & Western Europe,1.0
182,Slovenia,SVN,EU & Western Europe,1.0
183,Sweden,SWE,EU & Western Europe,1.0
9,American Samoa,ASM,Rest of World,5.0
37,China,CHN,China,3.0
64,Fiji,FJI,Rest of World,5.0
127,Marshall Islands,MHL,Rest of World,5.0
139,Malaysia,MYS,Rest of World,5.0
191,Thailand,THA,Rest of World,5.0
195,Tonga,TON,Rest of World,5.0
199,Tuvalu,TUV,Rest of World,5.0
67,"Micronesia, Fed. Sts.",FSM,Rest of World,5.0
88,Indonesia,IDN,Rest of World,5.0
103,Cambodia,KHM,Rest of World,5.0
104,Kiribati,KIR,Rest of World,5.0
108,Lao PDR,LAO,Rest of World,5.0
131,Myanmar,MMR,Rest of World,5.0
133,Mongolia,MNG,Rest of World,5.0
154,Philippines,PHL,Rest of World,5.0
156,Papua New Guinea,PNG,Rest of World,5.0
172,Solomon Islands,SLB,Rest of World,5.0
194,Timor-Leste,TLS,Rest of World,5.0
211,Vietnam,VNM,Rest of World,5.0
212,Vanuatu,VUT,Rest of World,5.0
213,Samoa,WSM,Rest of World,5.0
159,"Korea, Dem. People's Rep.",PRK,,
11,Australia,AUS,Rest of World,5.0
29,Brunei Darussalam,BRN,Rest of World,5.0
81,Guam,GUM,Rest of World,5.0
83,"Hong Kong SAR, China",HKG,Rest of World,5.0
99,Japan,JPN,Rest of World,5.0
106,"Korea, Rep.",KOR,Rest of World,5.0
119,"Macao SAR, China",MAC,Rest of World,5.0
134,Northern Mariana Islands,MNP,Rest of World,5.0
141,New Caledonia,NCL,Rest of World,5.0
148,Nauru,NRU,Rest of World,5.0
149,New Zealand,NZL,Rest of World,5.0
155,Palau,PLW,Rest of World,5.0
163,French Polynesia,PYF,Rest of World,5.0
171,Singapore,SGP,Rest of World,5.0
200,"Taiwan, China",TWN,Rest of World,5.0
