,year,tas_mean,tas_median,tas_95,tas_5,co2_mean,co2_95,co2_5
0,1750.0,0.0,0.0,0.0,0.0,278.3,278.3000000000007,278.29999999999933
1,1751.0,0.03916119866159976,0.03744269183178061,0.06004284620420678,0.018279551118992744,278.3323382787287,278.3323382787288,278.33233827872857
2,1752.0,0.06797056025845984,0.06612412121933596,0.09433678566721942,0.04160433484970025,278.3590698903917,278.35912697515664,278.3590128056268
3,1753.0,0.08168757194051836,0.08053259157701903,0.10958855821599259,0.05378658566504413,278.38393047501376,278.3840423463978,278.3838186036297
4,1754.0,0.08601099924688775,0.0846414902943271,0.11333502726587082,0.058686971227904686,278.4077182731673,278.4078833007662,278.4075532455684
5,1755.0,0.03541874844899147,0.03649902332776689,0.059656681611153194,0.011180815286829744,278.43073462861406,278.430948306911,278.43052095031715
6,1756.0,0.01516736518554173,0.014273188212445529,0.03226479668263643,-0.0019300663115529686,278.45293007230237,278.45312303293383,278.4527371116709
7,1757.0,0.027102174332763806,0.028358834504836415,0.04373568415265783,0.010468664512869784,278.474758134923,278.4749323661877,278.47458390365824
8,1758.0,0.04771244123374574,0.0454590323442223,0.06787822916393604,0.027546653303555435,278.4964000988513,278.4965908516137,278.49620934608896
9,1759.0,0.07058728492088116,0.06667622664158535,0.09681664774139767,0.044357922100364655,278.5179536236305,278.51819512344895,278.51771212381203
10,1760.0,0.09153621646189503,0.08755849486408668,0.12363325255783841,0.05943918036595164,278.5394882663687,278.5398101757224,278.53916635701506
11,1761.0,0.10678201444241552,0.10240579556770067,0.14296337692648764,0.07060065195834339,278.56104789396966,278.56147291492294,278.56062287301637
12,1762.0,0.11628906942073411,0.11278906432957024,0.15511577127210563,0.0774623675693626,278.5827531305876,278.5832908470247,278.5822154141505
13,1763.0,-0.034896688760577374,-0.03180691914700875,0.03222702814308592,-0.10202040566424067,278.6045006889035,278.60515253354293,278.60384884426406
14,1764.0,-0.09565658787030659,-0.09503289019095269,-0.03928609472361639,-0.1520270810169968,278.6252316798813,278.6258132655225,278.62465009424017
15,1765.0,-0.06513832731838541,-0.06412106308788854,-0.02558851669464439,-0.10468813794212643,278.6459932810433,278.6465855194326,278.64540104265393
16,1766.0,-0.02335315813043559,-0.02329979817391174,0.0020433361300792145,-0.04874965239095039,278.6673931821872,278.6679694997064,278.666816864668
17,1767.0,0.009496224396944556,0.010713814664483652,0.030216389516104614,-0.0112239407222155,278.68944977419426,278.68997449454235,278.68892505384616
18,1768.0,-0.03867807316904184,-0.03778212035903574,-0.01584783067634187,-0.061508315661741815,278.71186933193894,278.712331146982,278.71140751689586
19,1769.0,-0.04285500083283095,-0.043177116759217274,-0.03020486674511117,-0.055505134920550724,278.73402945304116,278.7344492472339,278.7336096588484
20,1770.0,-0.0024150448900659245,-0.0026261835622591184,0.015265513104824283,-0.020095602884956133,278.75649793364045,278.756892749271,278.7561031180099
21,1771.0,0.039786411321819995,0.03866887637687245,0.0669040520479194,0.01266877059572059,278.779599797284,278.7799368208753,278.77926277369266
22,1772.0,0.07003494573403574,0.06832962940492136,0.10297003593773749,0.03709985553033399,278.80337644083573,278.8037231025837,278.80302977908775
23,1773.0,0.08807269449782329,0.08682263784046895,0.12295513074690897,0.053190258248737604,278.82752459064903,278.8279800349108,278.82706914638726
24,1774.0,0.0960302906930336,0.09410970237702806,0.13017790949497007,0.06188267189109712,278.8519760843927,278.8525756760103,278.85137649277505
25,1775.0,0.0960319588789032,0.09499276739208036,0.12807617985812425,0.06398773789968215,278.87668428761435,278.87741814440426,278.87595043082445
26,1776.0,0.09436052324720391,0.0939457217465707,0.1252252072317272,0.06349583926268063,278.9016212017996,278.90246342333904,278.9007789802602
27,1777.0,0.0938815326725081,0.09319940442917449,0.12508996436754896,0.06267310097746723,278.9269654208674,278.9279035112489,278.9260273304859
28,1778.0,0.09737152411936735,0.0962334204997272,0.13063305074786818,0.06410999749086652,278.95257762538773,278.95361303649264,278.9515422142828
29,1779.0,0.1078252023852661,0.10616509663544685,0.1453214901225673,0.07032891464796492,278.97853147877254,278.97968169168934,278.97738126585574
30,1780.0,0.12398600727958665,0.12176408387573148,0.16728578588579632,0.08068622867337699,279.00490600169996,279.00620704777276,279.00360495562717
31,1781.0,0.13780142488161617,0.13530885668706688,0.185774870362087,0.08982797940114533,279.03175200243896,279.0332471226907,279.03025688218725
32,1782.0,0.14673497513481035,0.14368303936214694,0.19804221747007386,0.09542773279954683,279.0592230947399,279.06093509369106,279.0575110957887
33,1783.0,0.14957879676027164,0.1483371553084894,0.20280703293032357,0.09635056059021971,279.087049661327,279.0889855488386,279.0851137738154
34,1784.0,-0.16747104631964524,-0.15993375345052413,-0.01852234591090063,-0.31641974672838985,279.11521197901135,279.1173658102196,279.1130581478031
35,1785.0,-0.2938119130324558,-0.29316964776761045,-0.1590806613473932,-0.4285431647175184,279.1399990040566,279.1420239845161,279.13797402359717
36,1786.0,-0.2340928772671981,-0.23485858792461506,-0.13772443100357473,-0.33046132353082147,279.1648449806195,279.1671196712379,279.16257029000104
37,1787.0,-0.1423595100801878,-0.14560438897879396,-0.08193088972200295,-0.20278813043837263,279.19197991898454,279.1942752563617,279.18968458160737
38,1788.0,-0.06799239850939777,-0.0651296619362951,-0.025146478861850625,-0.11083831815694492,279.2207851026765,279.22283070348067,279.2187395018723
39,1789.0,-0.010239342983397277,-0.008641073829401946,0.03238094324565052,-0.05285962921244508,279.2507541210793,279.25239283186284,279.24911541029576
40,1790.0,0.03616706944329675,0.03545047950316024,0.08313738526057579,-0.010803246373982292,279.2816179887649,279.28282888450457,279.2804070930252
41,1791.0,0.06929029790040503,0.06614872473548115,0.11771300845327963,0.020867587347530428,279.31323873033415,279.3141431686921,279.3123342919762
42,1792.0,0.0918003077763613,0.08674560823936903,0.13892245365737607,0.044678161895346534,279.3457058461454,279.34655443641304,279.34485725587774
43,1793.0,0.10619654623283964,0.10422621898054692,0.15054254942441836,0.06185054304126093,279.37871222744576,279.37971963409626,279.37770482079526
44,1794.0,0.11353703712930147,0.11148138101143505,0.15456269877155002,0.07251137548705291,279.41215174088677,279.41338604669096,279.4109174350826
45,1795.0,0.11405175962268709,0.11394590453643293,0.15167935072451638,0.07642416852085779,279.4459886864166,279.4474394154529,279.44453795738036
46,1796.0,0.08204191743927303,0.08189123315253924,0.11198845889096518,0.05209537598758088,279.48019398151666,279.48182431253605,279.4785636504973
47,1797.0,0.06746127755762166,0.06670724748304635,0.0931162052026816,0.04180634991256171,279.5144707248745,279.51610473971755,279.5128367100315
48,1798.0,0.07036644986358036,0.06972970302927803,0.09749058820692941,0.0432423115202313,279.5492319349772,279.5508750761885,279.54758879376584
49,1799.0,0.07713641879071427,0.07683705000525132,0.10645397861340034,0.047818858968028205,279.5847134266295,279.58644861355464,279.58297823970435
50,1800.0,0.08459058495107306,0.0839944603888739,0.11629699429396034,0.05288417560818578,279.62095371954086,279.62283899269084,279.6190684463909
51,1801.0,0.09280524015475315,0.09169481109384998,0.12727516933755342,0.05833531097195288,279.65798173834014,279.66005360225506,279.6559098744252
52,1802.0,0.10326277801773576,0.10188059424708915,0.14131073720083043,0.0652148188346411,279.69558276123615,279.69787141623664,279.69329410623567
53,1803.0,0.1137514026550017,0.11179837768440146,0.1553840898731105,0.07211871543689288,279.73475841855145,279.7373019464763,279.7322148906266
54,1804.0,0.12333536596062121,0.12111711493840187,0.16838724304732708,0.07828348887391534,279.77391134053534,279.77673969018224,279.77108299088843
55,1805.0,0.13077798350623152,0.12863231429674296,0.1787487311450727,0.08280723586739033,279.8140813322747,279.8172201799432,279.81094248460624
56,1806.0,0.1338824051247186,0.1316893874906162,0.18371563316898495,0.08404917708045226,279.854756805055,279.8582227199832,279.8512908901268
57,1807.0,0.13481136853808778,0.1323517733011509,0.18620029172966443,0.08342244534651114,279.89618616491293,279.89997866877445,279.8923936610514
58,1808.0,0.13319538502682227,0.1304590106702323,0.1856269849342234,0.08076378511942114,279.9384339987568,279.94255340043145,279.93431459708216
59,1809.0,0.12882600890788287,0.12575080956402812,0.18171170323141506,0.07594031458435069,279.980926504307,279.985365272348,279.97648773626594
60,1810.0,-0.35691971953246354,-0.3466142563229305,-0.11756798759208464,-0.5962714514728424,280.0240082191254,280.0287519723912,280.0192644658596
61,1811.0,-0.548114228359759,-0.5515545925382501,-0.3244886575427092,-0.7717397991768087,280.05817472457954,280.06336957369757,280.0529798754615
62,1812.0,-0.4466234347483085,-0.4482821980447679,-0.2842372310025034,-0.6090096384941136,280.0923209643991,280.0989869515287,280.08565497726954
63,1813.0,-0.2975299966445543,-0.3064298268319465,-0.1909986085751792,-0.40406138471392944,280.1318215909039,280.13877292411075,280.124870257697
64,1814.0,-0.1837407184607354,-0.1796666822783502,-0.1039683996308912,-0.26351303729057957,280.1755743206607,280.181898994744,280.1692496465774
65,1815.0,-0.1076595097183255,-0.10405419351862255,-0.03323476085659585,-0.18208425858005514,280.22205769558883,280.22734471485626,280.2167706763214
66,1816.0,-0.9716097256168075,-0.9458648951026611,-0.5017147573935883,-1.4415046938400267,280.27035529445607,280.2746019565603,280.26610863235186
67,1817.0,-1.3294908317509908,-1.2965271708501764,-0.8648050986437699,-1.7941765648582118,280.29900642797105,280.31280127815944,280.28521157778266
68,1818.0,-1.1139047709636392,-1.09687873785095,-0.752714004468457,-1.4750955374588213,280.32596606152214,280.3469706493935,280.3049614736508
69,1819.0,-0.805013226760846,-0.7816921213813822,-0.5238706865893421,-1.0861557669323498,280.36423069839054,280.3872932969736,280.3411680998075
70,1820.0,-0.5719495745312188,-0.5648248459168319,-0.3196636388783442,-0.8242355101840932,280.4113371799355,280.43433245579945,280.3883419040716
71,1821.0,-0.4187752651112278,-0.38478922103343205,-0.17312859516866907,-0.6644219350537865,280.4634220985213,280.48593081572886,280.4409133813137
72,1822.0,-0.3176003577518138,-0.2906259048056588,-0.0794554649635926,-0.555745250540035,280.5182248096837,280.5405392242941,280.49591039507334
73,1823.0,-0.28202634567796675,-0.25542977978096404,-0.055748767712433145,-0.5083039236435003,280.5748333556576,280.5973447009188,280.5523220103963
74,1824.0,-0.24167744562767166,-0.21528212159064608,-0.03228849227398961,-0.4510663989813537,280.6320683295628,280.6552127559666,280.608923903159
75,1825.0,-0.18889471916319972,-0.15877651079640942,0.0029944259591152544,-0.3807838642855147,280.690321406636,280.71414412243917,280.6664986908328
76,1826.0,-0.13856054024873724,-0.11206796777598571,0.03652373481592214,-0.3136448153133966,280.75012665023223,280.7744843544504,280.72576894601406
77,1827.0,-0.09396093017923224,-0.06741231905466727,0.06457390595008888,-0.25249576630855336,280.81117452598716,280.8359115709695,280.78643748100484
78,1828.0,-0.05705452408051701,-0.035115120791830795,0.08526214609918067,-0.19937119426021468,280.87382761862364,280.89878346785815,280.8488717693891
79,1829.0,-0.02920284996582433,-0.010200269855271792,0.09752516973496024,-0.1559308696666089,280.93748728567346,280.9625032490968,280.9124713222501
80,1830.0,-0.0076892839913977815,0.007078328672364985,0.10430049444132944,-0.11967906242412502,281.0019442616026,281.0268765756077,280.97701194759753
81,1831.0,0.00735484358964839,0.02163452246887857,0.10588035545023489,-0.09117066827093812,281.0696893553385,281.09441545649923,281.04496325417773
82,1832.0,-0.472018331785803,-0.43727852166330294,-0.18331636085385966,-0.7607203027177463,281.1372816112302,281.16168766954246,281.11287555291796
83,1833.0,-0.6609525544956593,-0.6252338753346576,-0.3768870362355265,-0.945018072755792,281.1907334156722,281.21847642077773,281.16299041056664
84,1834.0,-0.5499522395804842,-0.5242890452992064,-0.3237271913494259,-0.7761772878115425,281.2436505308605,281.2747795943136,281.21252146740744
85,1835.0,-0.38964392731717346,-0.38273729156300246,-0.21367732346007592,-0.565610531174271,281.30452210942076,281.3370836496098,281.27196056923174
86,1836.0,-0.42029846583467306,-0.402503855910515,-0.24155796981502467,-0.5990389618543215,281.3719683478137,281.4049435554704,281.338993140157
87,1837.0,-0.388219477406732,-0.3673081361290289,-0.21531780187858032,-0.5611211529348837,281.43990891063237,281.4743171306818,281.4055006905829
88,1838.0,-0.28694208102522634,-0.26956306394190993,-0.12870706793740133,-0.44517709411305134,281.50990941363176,281.54546892456045,281.47434990270307
89,1839.0,-0.19137027675100848,-0.1755171027564293,-0.0439297498077601,-0.33881080369425687,281.5844460827267,281.620445962689,281.54844620276435
90,1840.0,-0.12228198191338105,-0.11225799298328573,0.016223339600056813,-0.2607873034268189,281.66250315287454,281.6986200933024,281.6263862124467
91,1841.0,-0.07642405518436202,-0.0626211521529817,0.051965348669714445,-0.20481345903843848,281.74344763313417,281.77957926052284,281.7073160057455
92,1842.0,-0.04661446795723391,-0.030269020259971212,0.07027072955144947,-0.1634996654659173,281.8260817234073,281.8621708441728,281.7899926026418
93,1843.0,-0.026875068136924037,-0.01119870400993143,0.07807834267932595,-0.131828478953174,281.91051155995086,281.946488189342,281.8745349305597
94,1844.0,-0.012106877923700977,-0.0007100775682337482,0.08130915490742308,-0.10552291075482503,281.99606942264995,282.03184065192096,281.96029819337895
95,1845.0,-0.04072783355454052,-0.028487379171312773,0.0485782837456289,-0.13003395085470995,282.08345073473373,282.11890872087525,282.0479927485922
96,1846.0,-0.0453027197785191,-0.03215668329073323,0.0354019016221013,-0.1260073411791395,282.1716734504551,282.20701376638556,282.13633313452465
97,1847.0,-0.0237414045459767,-0.011950918738834663,0.04706081668229738,-0.09454362577425078,282.26069276259494,282.2957997769353,282.22558574825456
98,1848.0,0.0010261441408955848,0.010650341581292955,0.0631967385037821,-0.06114445022199093,282.3528001186458,282.38744855425267,282.31815168303893
99,1849.0,0.021392847591007857,0.02979700746117414,0.07617113970791438,-0.03338544452589866,282.4463272899401,282.4803696994103,282.4122848804699
100,1850.0,0.03900218946737773,0.04664976966077723,0.08714269513924136,-0.009138316204485901,282.54205391021617,282.5753946037096,282.50871321672275
101,1851.0,0.05295113865664992,0.06089518610529645,0.09521187709083828,0.010690400222461545,282.6401480773102,282.6726956327982,282.6076005218222
102,1852.0,0.0647725147586334,0.0712134792164599,0.10194228692604802,0.027602742591218768,282.73287102023295,282.7645382439337,282.7012037965322
103,1853.0,0.07359808439527282,0.07813378918937111,0.10662956679848049,0.04056660199206517,282.8471853960888,282.8779231857108,282.81644760646674
104,1854.0,0.08024236190670903,0.08357731849205319,0.1101837478155338,0.05030097599788424,282.95610407830407,282.98585074202674,282.9263574145814
105,1855.0,0.08317011196477608,0.08551713855022204,0.11107076459645912,0.05526945933309305,283.0653417242827,283.09404448946043,283.03663895910495
106,1856.0,0.029375209652363524,0.03425573197429481,0.06787627982710132,-0.009125860522374261,283.17088839702234,283.19852527553536,283.1432515185093
107,1857.0,0.011951450726865822,0.0162841249155509,0.04715685544588023,-0.023253953992148593,283.27601215957736,283.30310929104263,283.2489150281121
108,1858.0,0.029664104212718045,0.03144705460852208,0.05979439829275865,-0.00046618986732256326,283.3809467271661,283.40746647771374,283.3544269766184
109,1859.0,0.053542651853820594,0.05475755289786556,0.08054630132575967,0.026539002381881522,283.48733121786563,283.5130149668089,283.46164746892237
110,1860.0,0.07332928865839627,0.07490010853465626,0.09985290340582267,0.046805673910969875,283.59765504506066,283.6223465063452,283.57296358377613
111,1861.0,0.0874785574986312,0.08862995329001519,0.11496445544250264,0.05999265955475977,283.7110501751716,283.7346709095876,283.6874294407556
112,1862.0,0.07924915260547691,0.07935063161303055,0.10490377793093994,0.053594527280013876,283.8283574087974,283.8508699833136,283.8058448342812
113,1863.0,0.0710721158014096,0.0706410588073377,0.09583247034725868,0.04631176125556051,283.9190187567807,283.94059375557936,283.89744375798205
114,1864.0,-0.04150942633918323,-0.037605677161637346,0.017865629135181527,-0.10088448181354799,284.01395692437563,284.0346632915497,283.9932505572016
115,1865.0,-0.07426614501456437,-0.0712775731645397,-0.023900074169344594,-0.12463221585978415,284.1057341606911,284.12696476272544,284.08450355865676
116,1866.0,-0.03936676340781145,-0.03836320692322584,-0.0017442008214615598,-0.07698932599416133,284.19926895151195,284.2208747566963,284.17766314632763
117,1867.0,0.003318512002263024,0.0041133193523592015,0.03316047841151056,-0.026523454406984517,284.29617187221567,284.3174643795524,284.2748793648789
118,1868.0,0.03459112870025838,0.03555478769463641,0.06270256071222038,0.006479696688296371,284.3967290681599,284.4173353110815,284.3761228252383
119,1869.0,0.05664982396260213,0.056231262198553116,0.08566917808009016,0.027630469845114105,284.49779165003054,284.51758218408855,284.4780011159725
120,1870.0,0.07393423510436174,0.07294736443671455,0.10446598472788404,0.04340248548083944,284.600809802444,284.6197423539752,284.58187725091284
121,1871.0,0.08689717529212108,0.08617324734305998,0.11860340534545306,0.055190945238789105,284.70385106431377,284.7218971409771,284.68580498765044
122,1872.0,0.09806174271441381,0.09747102385057554,0.13127180521296108,0.06485168021586654,284.8172437903322,284.8343847437194,284.80010283694503
123,1873.0,0.10493830032169255,0.10303017924521302,0.13908788509930037,0.07078871554408474,284.96715340866746,284.9833422725086,284.9509645448263
124,1874.0,0.0957480603453948,0.09181956838716676,0.12714817256425587,0.06434794812653374,285.1161003135947,285.13132466269593,285.10087596449347
125,1875.0,0.10149019336226141,0.09697703576072221,0.13484963762445504,0.06813074910006778,285.2577333938966,285.2721004937148,285.24336629407844
126,1876.0,0.10864332465685526,0.1020227197771847,0.1452135814691622,0.07207306784454835,285.40424045580573,285.41766671473596,285.3908141968755
127,1877.0,0.10897637019148786,0.10248085049328529,0.14658935972921117,0.07136338065376455,285.55094139930895,285.5634386561254,285.5384441424925
128,1878.0,0.11052833169147452,0.10371643323594452,0.14972063664067367,0.07133602674227538,285.69792493521976,285.7095598414769,285.6862900289626
129,1879.0,0.11412084667588691,0.10721981097423561,0.15555176937514875,0.07268992397662509,285.84453873901487,285.8553642469597,285.83371323107
130,1880.0,0.11734805129887745,0.11038967052749521,0.16080850294430496,0.07388759965344993,285.9958123335681,286.00591894848134,285.98570571865486
131,1881.0,0.11570672188937685,0.11005934746206181,0.15983531795533204,0.07157812582342166,286.1561123368259,286.1656381027229,286.14658657092895
132,1882.0,0.11645421780254378,0.11102523177795179,0.1619657613587215,0.07094267424636605,286.32834858477304,286.33746016339603,286.31923700615005
133,1883.0,0.12384084146304461,0.1161925595652786,0.17251284201799472,0.0751688409080945,286.48002515526105,286.4889178750183,286.4711324355038
134,1884.0,0.04779978638162518,0.042532698252486664,0.09353798409801137,0.002061588665238999,286.639491227969,286.64845815966294,286.6305242962751
135,1885.0,-0.19055538872133723,-0.18716901581705253,-0.06713408840646735,-0.3139766890362071,286.7918001849079,286.80057730393287,286.78302306588296
136,1886.0,-0.22343653213653303,-0.2232392891268387,-0.12827254146674444,-0.3186005228063216,286.92747713383585,286.94044799056655,286.91450627710515
137,1887.0,-0.15584417427614908,-0.15667005914683652,-0.09022572839696143,-0.22146262015533674,287.06619536984954,287.08140392901004,287.05098681068904
138,1888.0,-0.09220985638952801,-0.09035368058559257,-0.046720036384474944,-0.13769967639458108,287.2160186676831,287.231684575643,287.2003527597232
139,1889.0,-0.03632384457267247,-0.03280359805388182,0.00595952758641477,-0.07860721673175972,287.37900587021954,287.39415233418197,287.3638594062571
140,1890.0,0.006735126448271755,0.010180501732113533,0.05138068058840015,-0.037910427691856645,287.5415437798698,287.5556319303169,287.5274556294227
141,1891.0,0.009532713950989773,0.00926079055302834,0.04804765109660437,-0.028982223194624825,287.7126797876376,287.7257448708175,287.69961470445776
142,1892.0,0.001282946379794073,0.0015108442077854628,0.031761157429380536,-0.029195264669792387,287.8837348486748,287.8963135325641,287.87115616478553
143,1893.0,0.002541101640391844,0.0016545670745868254,0.02724951787534241,-0.022167314594558722,288.0570198443663,288.06943813941416,288.0446015493185
144,1894.0,0.03262282111980566,0.03347742990563379,0.062324104253477564,0.0029215379861337633,288.2251510994976,288.23745054876633,288.2128516502289
145,1895.0,0.06335216727370416,0.06059873195120945,0.09930351845998023,0.027400816087428087,288.4050391508677,288.41711324205806,288.39296505967735
146,1896.0,0.0840584189021147,0.08143176659271051,0.12228570576848699,0.0458311320357424,288.5928883402683,288.60489951143114,288.58087716910546
147,1897.0,0.09674218189572227,0.09511471150551644,0.1347696667383061,0.05871469705313845,288.7826663377744,288.7947333440958,288.770599331453
148,1898.0,0.10433949195231079,0.10203611389837375,0.14134094397067806,0.06733803993394352,288.9768507394626,288.9889861839737,288.9647152949515
149,1899.0,0.10943151988004839,0.10543521553492588,0.14582726413817682,0.07303577562191996,289.1760787808261,289.1882543154314,289.16390324622085
150,1900.0,0.1111531304451163,0.10766330454810008,0.14704502647444576,0.07526123441578683,289.3863889849367,289.39861473450634,289.374163235367
151,1901.0,0.11197877726275318,0.1082175564249956,0.1481500687543314,0.07580748577117497,289.6009614586189,289.6132641943497,289.58865872288806
152,1902.0,0.11361855873615784,0.1095548743807409,0.1510928409400055,0.07614427653231018,289.84223514615155,289.854736368729,289.8297339235741
153,1903.0,0.07485787693342202,0.07069472954370021,0.10633853143301955,0.043377222433824504,290.0808909230426,290.0938101070411,290.0679717390441
154,1904.0,-0.025516943357178773,-0.026169906192154885,0.022080297579295763,-0.07311418429365331,290.3387385298723,290.3511097499206,290.3263673098239
155,1905.0,-0.039461282784879134,-0.04110677875013861,-0.004025828629606827,-0.07489673694015145,290.59049732850826,290.60094779907024,290.5800468579463
156,1906.0,0.0031048869905895096,0.0015641379305183162,0.03425606305766426,-0.02804628907648524,290.86103736341846,290.87009865495185,290.8519760718851
157,1907.0,0.04515152537306256,0.04430041316379951,0.07862882164590446,0.011674229100220666,291.1527262102173,291.1621554276536,291.14329699278096
158,1908.0,0.045003299828320104,0.04324432086525687,0.07188136127809963,0.018125238378540572,291.47404382140957,291.4850103984303,291.46307724438884
159,1909.0,0.05901395033599938,0.05612116417862564,0.0889676701681559,0.029060230503842845,291.7749152145396,291.78685002901557,291.7629804000636
160,1910.0,0.07638979318548592,0.07222403082861792,0.1109578555456782,0.041821730825293627,292.0834839035757,292.0966685429633,292.0702992641881
161,1911.0,0.08509346886447751,0.07944209290195849,0.12085773509134254,0.04932920263761248,292.4023867746458,292.41723630246764,292.3875372468239
162,1912.0,0.09077315643605596,0.08468587465202196,0.12721072550492873,0.054335587367183184,292.695709225362,292.71216637578067,292.67925207494335
163,1913.0,0.010949941464769455,0.01145599668005445,0.04596717499013587,-0.024067292060596955,292.9871577215435,293.00516633100017,292.9691491120868
164,1914.0,-0.024216023831728578,-0.02645695178559149,0.0005633972337299141,-0.048995444897187074,293.27905965633687,293.2954842874524,293.26263502522136
165,1915.0,0.0007585434861946964,-0.0006992491963664221,0.023511136903735616,-0.021994049931346224,293.52769445398917,293.5424113251322,293.51297758284613
166,1916.0,0.04586231272281467,0.04351098695604759,0.07869819953237528,0.013026425913254057,293.7764579299579,293.79115406746837,293.7617617924475
167,1917.0,0.07951038932198916,0.07619717006879428,0.11920614024722467,0.039814638396753636,294.057425459642,294.07388819369686,294.0409627255871
168,1918.0,0.10101989168822412,0.09561725145923494,0.14472079715698571,0.05731898621946253,294.34940847787846,294.36835432356975,294.33046263218716
169,1919.0,0.1147780940606589,0.10806814296542068,0.1604674361335271,0.06908875198779071,294.6346753677869,294.656205124881,294.61314561069275
170,1920.0,0.1283572806407922,0.1213048475426575,0.17682033781126977,0.07989422347031461,294.8771684083357,294.90112558217703,294.8532112344944
171,1921.0,0.1329996207068347,0.12680811173096196,0.18161211856331766,0.08438712285035173,295.1746322394574,295.20120252337927,295.1480619555356
172,1922.0,0.1421916030085826,0.13523567045720813,0.19351592349541846,0.09086728252174676,295.43887638847093,295.46778143504895,295.4099713418929
173,1923.0,0.1305216870772672,0.12441586026619503,0.17847175210178745,0.08257162205274693,295.72086342621424,295.75231400338805,295.6894128490404
174,1924.0,0.12624149763357753,0.12272592604280233,0.173990248910972,0.07849274635618306,296.0455899872559,296.07884415311156,296.0123358214002
175,1925.0,0.13719761177603354,0.13258438725781477,0.18984824675529122,0.08454697679677586,296.36499765490674,296.4000837257875,296.329911584026
176,1926.0,0.15054323054050892,0.1443324437266009,0.20816022599139,0.09292623508962781,296.68575543232936,296.72343870422606,296.64807216043266
177,1927.0,0.16415484395731927,0.15661427776962475,0.22663117280364115,0.1016785151109974,296.999099189479,297.03991422265403,296.958284156304
178,1928.0,0.17282118563820628,0.16517342131773322,0.23850291828533154,0.107139452991081,297.36614606490053,297.4106254727832,297.3216666570179
179,1929.0,0.17302377694820306,0.16720519761077224,0.2396367127338252,0.10641084116258093,297.7233537928728,297.7716382802913,297.67506930545426
180,1930.0,0.14860706018325098,0.13937601754151063,0.21051698641193597,0.08669713395456599,298.11535002330226,298.16727825694596,298.06342178965855
181,1931.0,0.16063720325925038,0.15609368615002017,0.22786646620808962,0.09340794031041114,298.48717274453674,298.5414319135966,298.43291357547685
182,1932.0,0.17991882727188643,0.17364508420832261,0.2536078914780038,0.10622976306576909,298.81739856079975,298.8750933621902,298.75970375940926
183,1933.0,0.1728028564573541,0.16670839070770668,0.24470868624100295,0.10089702667370525,299.07719520926463,299.13896556801166,299.0154248505176
184,1934.0,0.18527700442623424,0.17962778428611206,0.2622528890587341,0.10830111979373436,299.36239771051095,299.4274190838713,299.2973763371506
185,1935.0,0.19965179338705571,0.19202215531170452,0.28157568762758567,0.11772789914652576,299.67603898322636,299.74513181867627,299.60694614777645
186,1936.0,0.21268698820709211,0.20377561664976268,0.29908827869367904,0.12628569772050519,300.00583355082296,300.07954081387214,299.93212628777377
187,1937.0,0.22347880146161309,0.21394007925899,0.3138088206098128,0.13314878231341337,300.3742708480223,300.4530211436368,300.2955205524078
188,1938.0,0.22896735548151848,0.2193396386904962,0.32185661112619984,0.1360780998368371,300.7559200983758,300.84000247418487,300.6718377225667
189,1939.0,0.23782856619604867,0.2291747045977868,0.3346516918934177,0.1410054404986796,301.10086840702473,301.1901321746276,301.0116046394219
190,1940.0,0.2412689071604312,0.23269669743703464,0.34039619054561265,0.14214162377524975,301.47370590490834,301.56847592262193,301.37893588719476
191,1941.0,0.23859765869578975,0.23006576110430774,0.3386115144763558,0.1385838029152237,301.87427442073096,301.9746770069527,301.77387183450924
192,1942.0,0.23446195792133864,0.22531373188572817,0.3352621901524076,0.13366172569026968,302.2660010370802,302.3718203369619,302.16018173719846
193,1943.0,0.22931195613193417,0.21953490508451404,0.3306537293128222,0.12797018295104615,302.6592880786597,302.7703624888513,302.5482136684681
194,1944.0,0.226555815811952,0.21693740334997136,0.3289292458469737,0.12418238577693028,303.0608104161329,303.1770379667646,302.94458286550116
195,1945.0,0.23078783432970384,0.22265178682695996,0.33572123519308156,0.12585443346632613,303.45106429447,303.5724395138094,303.32968907513055
196,1946.0,0.24679007160872804,0.24014912491351037,0.3571412171164266,0.13643892610102948,303.7546461415867,303.88112044858036,303.62817183459305
197,1947.0,0.2657341427865061,0.25647720383868144,0.38185491491404217,0.14961337065897,304.15150782132935,304.28404927763427,304.0189663650244
198,1948.0,0.2784760414012476,0.26706839587691167,0.39852568923216314,0.15842639357033209,304.6153254727574,304.7550776767667,304.47557326874806
199,1949.0,0.28662361159006566,0.27496705894714857,0.40975536960112124,0.16349185357901005,305.10224347573387,305.2496720772747,304.95481487419306
200,1950.0,0.2926298744059974,0.2815026022838998,0.4186328611878073,0.1666268876241875,305.5666780137779,305.72179807449777,305.41155795305804
201,1951.0,0.28815923318094966,0.2749639685248153,0.4144023197272241,0.16191614663467524,306.10176960347513,306.2649630133818,305.93857619356845
202,1952.0,0.28358573519655655,0.27011346576736095,0.41051728515960634,0.15665418523350677,306.7531362986469,306.9247418884677,306.5815307088261
203,1953.0,0.2818384908220504,0.26929615678365626,0.4101823807502939,0.15349460089380695,307.3936586894097,307.57381593286084,307.2135014459585
204,1954.0,0.2817556612084118,0.2695334726707552,0.4116849678771435,0.15182635453968008,308.0320180206797,308.22080704433677,307.8432289970226
205,1955.0,0.2865765753641958,0.27529456577020794,0.41914325444064937,0.15400989628774217,308.69455561627046,308.89225397019356,308.49685726234736
206,1956.0,0.2938769185396181,0.2826538774630514,0.42943905074456534,0.1583147863346709,309.43146216838477,309.63896677852034,309.2239575582492
207,1957.0,0.30451123053645734,0.29345726749113443,0.44385335744337323,0.16516910362954146,310.2265334434502,310.4448395947649,310.0082272921355
208,1958.0,0.3159227832947773,0.3044072544627847,0.4591721047176577,0.17267346187189692,311.04274844147795,311.27277838233164,310.81271850062427
209,1959.0,0.3265650189092187,0.31432978412230356,0.47357860231817234,0.17955143550026503,311.88763107755125,312.130198108962,311.6450640461405
210,1960.0,0.33121398887359355,0.3170331084231459,0.4804899771944857,0.18193800055270135,312.74037220779405,312.9961320152633,312.4846124003248
211,1961.0,0.3310455013283963,0.31556253644974475,0.48164917524400513,0.18044182741278741,313.61550621894145,313.88469891906067,313.3463135188222
212,1962.0,0.31510092251086386,0.2969079325170919,0.4633220623725109,0.16687978264921682,314.5035540059235,314.7862391967027,314.2208688151443
213,1963.0,0.28122798806723615,0.261386242500812,0.4237042707111315,0.13875170542334084,315.4064238572109,315.70150560382285,315.1113421105989
214,1964.0,0.1325532011560526,0.11009482437136589,0.2621614079309623,0.0029449943811428736,316.34746410497763,316.6530063605155,316.04192184943975
215,1965.0,0.06887750788038806,0.06146096591437645,0.18649605558710233,-0.048741039826326216,317.27370497434475,317.57868335792404,316.96872659076547
216,1966.0,0.08365606026257745,0.07181392954491508,0.1959966356548859,-0.02868451512973101,318.23881725412275,318.54355677517333,317.9340777330722
217,1967.0,0.15154884735974095,0.14018274721456442,0.2702553151419338,0.0328423795775481,319.25856925844005,319.56718460088496,318.94995391599514
218,1968.0,0.1750095621003808,0.15937288835998817,0.28889683734297633,0.061122286857785244,320.3468761852203,320.6646269165364,320.0291254539042
219,1969.0,0.20235855964224025,0.18596546039175738,0.31949544918325146,0.08522167010122907,321.474314404678,321.80048978880234,321.1481390205537
220,1970.0,0.23682917181473576,0.2210066219945491,0.36078084019950074,0.1128775034299708,322.6701113919853,323.00623058195515,322.33399220201545
221,1971.0,0.25833330608743044,0.24076845565351784,0.38554254050729053,0.13112407166757037,323.94358709378565,324.29231122067,323.5948629669013
222,1972.0,0.25989904944218034,0.24498459207465687,0.3856551694576821,0.13414292942667863,325.20667032691716,325.5689205523022,324.84442010153214
223,1973.0,0.27689030165860107,0.26190360406828317,0.40720410540046936,0.14657649791673277,326.48588311447776,326.8608748589647,326.11089136999084
224,1974.0,0.3075485001020594,0.2937702357052648,0.44669646035871735,0.16840053984540146,327.8500634291561,328.2402035800227,327.45992327828947
225,1975.0,0.3135360484421661,0.29746855479072754,0.4536205784446502,0.17345151843968196,329.1653006867922,329.57372653900046,328.7568748345839
226,1976.0,0.3001583223625664,0.2831301159785612,0.43737420847734126,0.16294243624779153,330.4551133360656,330.88089073368457,330.02933593844665
227,1977.0,0.3251115767316664,0.31396422273772084,0.47129926261021415,0.1789238908531187,331.8369952586804,332.2784967281419,331.39549378921896
228,1978.0,0.367810909957325,0.35769779538871255,0.5272212410778336,0.20840057883681645,333.2826573598954,333.7446283772992,332.82068634249157
229,1979.0,0.41287772500561953,0.40090223490048715,0.5856841675934079,0.2400712824178312,334.7805184556985,335.2682009013033,334.29283601009365
230,1980.0,0.4487781385220842,0.4342677741194899,0.6322913631949265,0.2652649138492419,336.3036393296662,336.82129196564364,335.7859866936888
231,1981.0,0.47295049330907296,0.4573212169255788,0.6645108333451646,0.2813901532729814,337.7706644017156,338.32043397078957,337.2208948326416
232,1982.0,0.4933565623400809,0.47692856113061793,0.6929833517411897,0.29372977293897207,339.18333561541016,339.7658257401441,338.6008454906762
233,1983.0,0.45661774162900987,0.4410787143117917,0.6497198070682393,0.26351567618978045,340.56820580917827,341.1843622538069,339.9520493645496
234,1984.0,0.39231700338873576,0.3649148770371192,0.5760667062805415,0.2085673004969301,341.9979381380579,342.6414985207441,341.35437775537173
235,1985.0,0.4051002003147122,0.38949558810557006,0.5967369195319082,0.2134634810975162,343.4455247241406,344.1100616692022,342.78098777907906
236,1986.0,0.45860339186837673,0.4455072875695943,0.6662934896710921,0.2509132940656613,344.92787438101453,345.62007719492675,344.2356715671023
237,1987.0,0.5036383786855293,0.4914734463232498,0.7233125206214122,0.2839642367496464,346.477765363207,347.20610878348583,345.7494219429282
238,1988.0,0.5500172349095872,0.5364509983160737,0.7835314999013675,0.3165029699178069,348.0836928472765,348.8524317295806,347.3149539649724
239,1989.0,0.6029445259272204,0.5885072538761474,0.8530594641894942,0.3528295876649465,349.76267086488093,350.57643127142217,348.9489104583397
240,1990.0,0.6551779203541931,0.6386043773418154,0.9220648217657613,0.38829101894262485,351.4729244407561,352.3371766611079,350.60867222040434
241,1991.0,0.6964308774442449,0.6767813455539704,0.9774279621071459,0.41543379278134396,353.1285201928946,354.0475416830234,352.2094987027658
242,1992.0,0.6187190872069417,0.5900217996949177,0.8841056136801237,0.3533325607337596,354.86614135616617,355.8430382155206,353.8892444968117
243,1993.0,0.4396327887950237,0.41697217275161347,0.6814224132736317,0.19784316431641574,356.524725695633,357.5446391757317,355.5048122155343
244,1994.0,0.43930583972419235,0.41922779739255556,0.6835816785680628,0.19503000088032182,358.02529683041155,359.0638367071012,356.9867569537219
245,1995.0,0.5494489592077709,0.5288001445356254,0.8208045709608965,0.2780933474546453,359.55123831736313,360.6197964105955,358.4826802241308
246,1996.0,0.6548245378227195,0.6417179414993621,0.9493648886181942,0.36028418702724485,361.2034961757431,362.3215172956943,360.0854750557919
247,1997.0,0.7363333123600269,0.7131077376609652,1.0506422202155392,0.42202440450451445,362.9476388963646,364.1261029053794,361.7691748873498
248,1998.0,0.8000154981924464,0.7722709745333733,1.1321315467396054,0.46789944964528757,365.0382414410649,366.28601789532894,363.7904649868008
249,1999.0,0.8558353631117671,0.8288858773029639,1.20584337247618,0.5058273537473543,366.8235056879778,368.14522395796814,365.50178741798743
250,2000.0,0.9155171226352448,0.8899723278845018,1.2862158189651494,0.5448184263053402,368.55103997610337,369.94879951380386,367.1532804384029
251,2001.0,0.9683892456833818,0.940016530258037,1.358505283672578,0.5782732076941858,370.35719119013527,371.83601778742076,368.8783645928498
252,2002.0,1.011409613408787,0.9801341081230426,1.4191715749236435,0.6036476518939307,372.09360836042714,373.65763128074593,370.52958544010835
253,2003.0,1.0430866199666808,1.0108758253388341,1.4664326128546215,0.6197406270787402,373.9486339935705,375.60180701164165,372.2954609754994
254,2004.0,1.0623276155128367,1.0291149555455834,1.4988849164591935,0.6257703145664799,375.8612462617196,377.6075460961634,374.1149464272758
255,2005.0,1.083555689822852,1.0482732934895118,1.534731805573128,0.632379574072576,377.982138475227,379.82595683121906,376.1383201192349
256,2006.0,1.1004071909731785,1.0632385465998915,1.5650231713096732,0.6357912106366839,380.18333222242734,382.13067376276274,378.23599068209194
257,2007.0,1.1166722867698375,1.0774574531341181,1.5945898983069386,0.6387546752327364,382.4914006395282,384.5472243788853,380.4355769001711
258,2008.0,1.139185039532506,1.1000643273897563,1.6318050851747974,0.6465649938902146,384.84531483584396,387.0141532590717,382.67647641261624
259,2009.0,1.1682167037087279,1.1287911342348682,1.67670608609314,0.6597273213243157,387.06092514664255,389.3457960041057,384.7760542891794
260,2010.0,1.1985748061212311,1.1576414494105505,1.7227985322459198,0.6743510799965424,389.2458420835195,391.64900078252145,386.84268338451756
261,2011.0,1.2362537418234782,1.1947970711680842,1.7780173677281303,0.6944901159188263,391.6609809702082,394.18732107864446,389.1346408617719
262,2012.0,1.2711434975865143,1.227075977928623,1.829438228778224,0.7128487663948047,394.1954156588952,396.85305521846806,391.5377760993223
263,2013.0,1.3089348646310748,1.263479851937046,1.8847814404262828,0.7330882888358667,396.788444230991,399.58427058593634,393.99261787604564
264,2014.0,1.3510649622658792,1.3042744649420626,1.9456928997309633,0.7564370248007951,399.45895981229165,402.3999670207668,396.5179526038165
265,2015.0,1.384892606187095,1.3344874684055101,1.9961171646813158,0.7736680476928741,402.2169779163006,405.31078229095783,399.1231735416434
266,2016.0,1.4223399877098712,1.3708228126694537,2.0516833230592892,0.7929966523604535,404.89258428997425,408.14370046470447,401.64146811524404
267,2017.0,1.4603809388166529,1.4069226095946534,2.1080520884485896,0.8127097891847164,407.6980497462719,411.1120552504443,404.2840442420995
268,2018.0,1.4997136483869964,1.4444881479488607,2.166190621879077,0.8332366748949159,410.6257532393089,414.20995754025364,407.04154893836414
269,2019.0,1.536997635167048,1.4793607164070155,2.2218582465353585,0.8521370237987373,413.6716848279729,417.4344489545864,409.9089207013594
270,2020.0,1.57456326144912,1.5150231602711688,2.2781362879030373,0.8709902349952026,416.8310973413253,420.7808517718537,412.8813429107969
271,2021.0,1.5921748061484042,1.5272179566510897,2.3093858847982442,0.8749637274985642,420.10255964984196,424.2481158880179,415.95700341166605
272,2022.0,1.6182239107675231,1.553609034245063,2.3520647895512883,0.884383031983758,423.42948193130866,427.7761596804064,419.0828041822109
273,2023.0,1.653090476369986,1.5880844957239058,2.4054524736761334,0.9007284790638386,426.8237199446907,431.3785154593851,422.26892442999633
274,2024.0,1.6908079030701662,1.6241121949336936,2.4619571598267913,0.9196586463135411,430.295031492023,435.06581882404873,425.52424415999724
275,2025.0,1.7271730804621492,1.658008861886699,2.5166356042776443,0.937710556646654,433.84658926623973,438.8412692719421,428.85190926053735
276,2026.0,1.7603714027093345,1.6885145237346038,2.5674615264505873,0.9532812789680817,437.47766496435696,442.703864865216,432.2514650634979
277,2027.0,1.7913234511034417,1.7170515536673037,2.6156798555068685,0.9669670467000149,441.1862349428175,446.65125330930033,435.7212165763347
278,2028.0,1.8219714773678286,1.74566520137292,2.6636595206093068,0.9802834341263506,444.97142589979285,450.68244762698066,439.26040417260504
279,2029.0,1.8532030984323298,1.7749813937123515,2.712394628692765,0.9940115681718946,448.83418462407565,454.79852109296246,442.86984815518883
280,2030.0,1.8849875248190653,1.8047960211105272,2.761787958744975,1.0081870908931554,452.77611568218293,459.0012434014213,446.5509879629446
281,2031.0,1.9176819113520638,1.8355452773573642,2.812290364082045,1.0230734586220827,456.7986196187299,463.29213341512116,450.30510582233865
282,2032.0,1.951734599766593,1.8676785416339774,2.864466617944064,1.0390025815891217,460.8738647936233,467.6432443986348,454.10448518861176
283,2033.0,1.9887286896627463,1.902963109669119,2.920313851991591,1.0571435273339014,465.00558872680824,472.05814658587883,457.95303086773765
284,2034.0,2.0302511762914497,1.9429254923704067,2.9818097931808323,1.078692559402067,469.1982731993276,476.54157390930243,461.8549724893528
285,2035.0,2.0740204207916206,1.9845861119744002,3.04608713446633,1.1019537071169112,473.45717106452935,481.099337924062,465.8150042049967
286,2036.0,2.1178574139362065,2.0259257517211524,3.1105616323635052,1.125153195508908,477.7847890040495,485.734190609048,469.835387399051
287,2037.0,2.1604393518257603,2.065835751237281,3.1737004447640214,1.147178258887499,482.18142880349285,490.4465035671422,473.9163540398435
288,2038.0,2.2011813617253475,2.1038878879230305,3.2348236244492625,1.1675390990014325,486.646277676352,495.2354395715935,478.0571157811105
289,2039.0,2.240349067338433,2.1404919761936956,3.29425758525636,1.1864405494205068,491.178202037394,500.0997797540268,482.25662432076115
290,2040.0,2.2771935867178086,2.174692469624871,3.351001360973548,1.2033858124620693,495.77653055216354,505.038777454387,486.51428364994007
291,2041.0,2.3126903471995024,2.2077853569546595,3.406252241112525,1.2191284532864801,500.44002483440283,510.05095532428356,490.8290943445221
292,2042.0,2.3483751301398903,2.241330001090528,3.461846717138439,1.2349035431413418,505.15302473413306,515.1203894088391,495.18566005942705
293,2043.0,2.385754009469294,2.2767661349198534,3.519575841728935,1.251932177209653,509.9175561049511,520.2489059486543,499.58620626124787
294,2044.0,2.425532899577018,2.314614401521025,3.580259091382352,1.2708067077716834,514.7367218749382,525.4396127629698,504.0338309869066
295,2045.0,2.4691092509358326,2.3563854328674685,3.6456497540161963,1.2925687478554688,519.6138765460746,530.6959746597214,508.5317784324278
296,2046.0,2.51625277662348,2.4015262775838004,3.715461587560771,1.3170439656861888,524.5532899232999,536.0225938508744,513.0839859957254
297,2047.0,2.5653460994786896,2.4482313959205015,3.7877433728871965,1.342948826070183,529.558559730087,541.4233960537937,517.6937234063804
298,2048.0,2.6144173533850283,2.494550776935303,3.860145683324171,1.3686890234458855,534.6314381292102,546.9003463176581,522.3625299407623
299,2049.0,2.660400514060536,2.5373062721089243,3.928926969977743,1.3918740581433289,539.771747151895,552.4533528638644,527.0901414399257
300,2050.0,2.7018643826116078,2.5754575534454975,3.992395268491092,1.4113334967321234,544.9765907967416,558.0793374536996,531.8738441397835
301,2051.0,2.740660703619472,2.611421672056774,4.052866342934044,1.428455064304901,550.2421380228894,563.7741852264105,536.7100908193684
302,2052.0,2.7793024763097014,2.6476998498369646,4.113330094940137,1.4452748576792653,555.5573914220229,569.5266760387204,541.5881068053253
303,2053.0,2.818385385768576,2.684459433155526,4.174361135407554,1.462409636129598,560.9234849969091,575.3377624833453,546.509207510473
304,2054.0,2.858959456633905,2.722830008671475,4.237216001035782,1.4807029122320277,566.3419418726407,581.2087443654616,551.4751393798199
305,2055.0,2.902647459565699,2.7644896445943843,4.303890448389729,1.501404470741669,571.8150697344449,587.1418122182029,556.488327250687
306,2056.0,2.949970300300501,2.8097218642477664,4.375010415659003,1.5249301849419992,577.3464273179457,593.1405661511978,561.5522884846935
307,2057.0,2.998574252955299,2.8556975627601577,4.447666328322828,1.5494821775877698,582.9397024473119,599.2087948502785,566.6706100443453
308,2058.0,3.0465398743896874,2.9007025385948486,4.519602845056933,1.5734769037224423,588.5960923088261,605.3476760669959,571.8445085506563
309,2059.0,3.094252995964141,2.945574766842519,4.591409364777665,1.597096627150617,594.3149740653672,611.5565607529267,577.0733873778078
310,2060.0,3.1404209845556252,2.988692151661759,4.66144928885905,1.6193926802522012,600.0961776329481,617.8353439204146,582.3570113454815
311,2061.0,3.184133008027717,3.0292747932284874,4.728605137649978,1.6396608784054558,605.9384234899294,624.182681119957,587.6941658599018
312,2062.0,3.226649923592066,3.068963704460857,4.7944475419887755,1.658852305195356,611.8373527508752,630.5940750137324,593.080630488018
313,2063.0,3.2693615262037445,3.1090893102695576,4.860616516435965,1.678106535971524,617.7923892564866,637.0688403062045,598.5159382067686
314,2064.0,3.3131264964503306,3.1503692526765885,4.928095390273354,1.6981576026273075,623.8042431910737,643.6075608278851,604.0009255542624
315,2065.0,3.3583879318246295,3.193153258767005,4.997395695312571,1.7193801683366878,629.8743217662294,650.2114975943431,609.5371459381157
316,2066.0,3.406621314942982,3.2390876516384273,5.070362156932814,1.74288047295315,636.0043019834518,656.8821900326984,615.1264139342052
317,2067.0,3.4582779737491047,3.2883938524065277,5.1475430947773155,1.7690128527208944,642.1970149404318,663.622412314327,620.7716175665366
318,2068.0,3.511447298209792,3.338773358981285,5.226588275039511,1.7963063213800736,648.4554516930833,670.4351176125442,626.4757857736224
319,2069.0,3.5635928023358803,3.387689037011592,5.304452061568906,1.8227335431028542,654.7807126346432,677.3213558140656,632.2400694552209
320,2070.0,3.6131056145046996,3.4337836556766526,5.379242241971641,1.8469689870377588,661.1716571472373,684.2799722194706,638.063342075004
321,2071.0,3.659814756138519,3.477166214367334,5.450783282659296,1.868846229617741,667.6259005067726,691.3086043473188,643.9431966662264
322,2072.0,3.7050535551123636,3.5194008788149147,5.520689415339408,1.8894176948853194,674.1397285179872,698.4035391999057,649.8759178360688
323,2073.0,3.7503687157083445,3.561993357460781,5.590775971405913,1.909961460010776,680.7121637751217,705.5637337784879,655.8605937717555
324,2074.0,3.7957809994908387,3.604643307039413,5.660962878956565,1.9305991200251127,687.3435971980183,712.7894197793189,661.8977746167177
325,2075.0,3.841386567845562,3.647477934863813,5.731348425434818,1.9514247102563065,694.0344058406774,720.080740105385,667.9880715759699
326,2076.0,3.8875596145068627,3.690913029143654,5.802392637199512,1.972726591814213,700.7850133332563,727.4378875008371,674.1321391656755
327,2077.0,3.93485512329317,3.735523377321225,5.874779407023288,1.9949308395630518,707.5961143545258,734.8613347559223,680.3308939531292
328,2078.0,3.984407169100713,3.782527014221539,5.949918837599068,2.0188955006023583,714.4688010960776,742.3519559913041,686.5856462008512
329,2079.0,4.036458407743109,3.8319770699292444,6.028101946859927,2.0448148686262915,721.404999270108,749.9114550353164,692.8985435048995
330,2080.0,4.089997278239377,3.8826642549588,6.108101790611293,2.07189276586746,728.4066865193337,757.5415878334858,699.2717852051816
331,2081.0,4.143427545398675,3.932951491913568,6.18800919357057,2.0988458972267785,735.4748925321868,765.2432213475165,705.7065637168571
332,2082.0,4.195840389371662,3.982111728016046,6.266773647653597,2.124907131089726,742.6224305605856,773.0291599422048,712.2157011789664
333,2083.0,4.246605378261462,4.02958039684861,6.343636899792372,2.1495738567305516,749.8481604091819,780.8983648213595,718.7979559970044
334,2084.0,4.295932431894205,4.075722390206151,6.418853530598988,2.1730113331894225,757.1505606598123,788.8494184084965,725.4517029111281
335,2085.0,4.343909220353611,4.120576051571678,6.492481070890433,2.1953373698167895,764.5283945103884,796.8811396309626,732.1756493898141
336,2086.0,4.3906361775441525,4.164235280910866,6.564595822910021,2.216676532178284,771.9805903937577,804.99244350548,738.9687372820354
337,2087.0,4.437795073490068,4.208639477618019,6.6372500816547575,2.238340065325378,779.5062328723476,813.1823438455184,745.8301218991768
338,2088.0,4.486250541065334,4.254432081685433,6.711434330994798,2.26106675113587,787.105727357982,821.4510573591433,752.7603973568207
339,2089.0,4.536697973939421,4.302268039030276,6.7879845676736705,2.285411380205171,794.7801005129355,829.7993169466745,759.7608840791966
340,2090.0,4.590183139426103,4.35323638453098,6.868207181584674,2.3121590972675317,802.5308262302565,838.2282563510918,766.8333961094212
341,2091.0,4.646095874932209,4.406416317257833,6.951353641167843,2.3408381086965755,810.3600433702862,846.7396299304161,773.9804568101564
342,2092.0,4.703734477766285,4.461147618645553,7.0366326032951525,2.3708363522374176,818.2761050211153,855.3414846010929,781.2107254411377
343,2093.0,4.76064706038039,4.514711178034801,7.12106682343148,2.4002272973293,826.2799032823411,864.03452987657,788.5252766881123
344,2094.0,4.813884899487592,4.564185212922766,7.201094774622204,2.42667502435298,834.3705540442882,872.8179092201422,795.9231988684342
345,2095.0,4.864076112165427,4.610902304767221,7.2775799770199585,2.4505722473108955,842.5451894995206,881.6890494421793,803.4013295568618
346,2096.0,4.9125254844507005,4.656195750349179,7.352051885956488,2.472999082944913,850.8015612920959,890.6459674971007,810.9571550870911
347,2097.0,4.96055936975325,4.701334524026244,7.426034301932123,2.4950844375743775,859.1384583082076,899.687513620562,818.5894029958533
348,2098.0,5.0092480661634875,4.747289375911643,7.500756851374673,2.5177392809523025,867.5556473881147,908.8133081827066,826.2979865935229
349,2099.0,5.05943384582032,4.794828920269527,7.577209221843537,2.541658469797102,876.0536313955586,918.0235500922338,834.0837126988833
350,2100.0,5.112441043834075,4.84533838473156,7.65702111738641,2.5678609702817394,884.6334461768525,927.3188728797979,841.9480194739072
351,2101.0,5.16850818467223,4.898829808683217,7.740482792937128,2.5965335764073316,893.2969364869203,936.70060339757,849.8932695762707
352,2102.0,5.2246433439517865,4.951783358177577,7.823926737721695,2.6253599501818785,901.908138994219,946.0319219321531,857.784356056285
353,2103.0,5.278647104278334,5.002289130784181,7.904780343528347,2.652513865028321,910.4677361999281,955.312774468669,865.6226979311873
354,2104.0,5.330323100992962,5.050549976413469,7.98288843442678,2.6777577675591453,918.9748898174132,964.5419892087792,873.4077904260472
355,2105.0,5.37903892228209,5.095833851548219,8.05743441841588,2.7006434261483006,927.4286214996248,973.7183750015711,881.1388679976785
356,2106.0,5.425411649448014,5.138989254703626,8.129146745078504,2.7216765538175234,935.8275641451564,982.8404304085232,888.8146978817897
357,2107.0,5.470748554016773,5.1813872300328105,8.19956057359974,2.7419365344338074,944.1707575215121,991.9070019692281,896.4345130737961
358,2108.0,5.51591806921818,5.2237613612610865,8.269654817684179,2.7621813207521804,952.4580451152389,1000.9175782780509,903.9985119524268
359,2109.0,5.561768207386503,5.266930264760499,8.340426815442212,2.783109599330794,960.6897581251712,1009.8720217226057,911.5074945277368
360,2110.0,5.609247314952448,5.311832445247937,8.413027959192892,2.8054666707120037,968.8666701681544,1018.7705587737514,918.9627815625574
361,2111.0,5.659992574059797,5.360197058125002,8.489487203156612,2.830497944962982,976.9900246720838,1027.6138176465822,926.3662316975855
362,2112.0,5.71174793280112,5.409052639082384,8.567004146198345,2.8564917194038943,985.061895412609,1036.4031195511784,933.7206712740395
363,2113.0,5.761184543510108,5.455033096401936,8.64159511622757,2.8807739707926454,993.0828996729514,1045.1386391191463,941.0271602267563
364,2114.0,5.806975797125391,5.4972764247939665,8.711762025829836,2.9021895684209453,1001.0517000403291,1053.8191047496916,948.2842953309668
365,2115.0,5.849519616594505,5.5364851294370325,8.77801285773106,2.9210263754579513,1008.966265226838,1062.44279138936,955.489739064316
366,2116.0,5.89000205335008,5.57393346815918,8.841733296868856,2.9382708098313044,1016.8248726374447,1071.0082284254356,962.6415168494539
367,2117.0,5.9287393786073235,5.609727890807678,8.903203659469938,2.95427509774471,1024.6265179134566,1079.5144655095155,969.7385703173977
368,2118.0,5.966908979515142,5.645185966614416,8.963822471752046,2.969995487278238,1032.370401465608,1087.9606613902597,976.7801415409563
369,2119.0,6.005264564991847,5.680931638208752,9.024456856186099,2.986072273797594,1040.0563695666658,1096.346464237789,983.7662748955428
